Username,Handle,Timestamp,Comments,Likes,Retweets,Text
TF Venom-001,@001_venom,2021-05-15T00:31:36.000Z,#COVIDー19 #COVID19 #vaccine #VaccinePassports #vaccination #Sheeple #Covid_19 #JUSTSAYNO #vaccines #NWO #COVID #CovidVaccine  #COVIDVaccination #COVID1984 #Biden #Biden4Prison #NotMyPresident #BidenRegime,,4,2
TF Venom-001,@001_venom,2021-05-15T00:11:40.000Z,#COVIDー19 #COVID19 #vaccine #VaccinePassports #vaccination #Sheeple #Covid_19 #JUSTSAYNO #vaccines #NWO #COVID #CovidVaccine  #COVIDVaccination #COVID1984 #Legend,,,
TF Venom-001,@001_venom,2021-05-15T00:06:01.000Z,#COVIDー19 #COVID19 #vaccine #VaccinePassports #vaccination #Sheeple #Covid_19 #JUSTSAYNO #vaccines #NWO #COVID #CovidVaccine  #COVIDVaccination #COVID1984 #cuck,,,
TF Venom-001,@001_venom,2021-05-14T22:41:10.000Z,"#COVIDー19 #COVID19 #vaccine #VaccinePassports #vaccination #Sheeple #Covid_19 #JUSTSAYNO #vaccines #NWO #COVID #CovidVaccine  #COVIDVaccination #COVID19840:57
9 views",,,
E.H. Hau #Resist #Persist,@ActionTime,2021-05-14T19:21:36.000Z,"VERY Tiny Percentage of #Vaccinated People are Getting #Covid. Here’s Why you Shouldn’t Worry #VaccinesSaveLives #CovidVaccine #COVIDVaccination #VaccinesWork  #COVIDEmergency2021 #VaccinationForAll #Vaccines #Vaccine #Covid19BC #Covid19Canada #Covid19OnSome vaccinated people are still getting covid. Here’s why you shouldn’t worry.
Breakthrough infections are exceedingly rare. But by tracking them, researchers can uncover viral variants that manage to dodge the immune response.
technologyreview.com",1,1,
Niraj Patel ฿,@nirajpatel88,2021-05-14T04:42:47.000Z,"http://Wa.me/919013151515
Enter Pin code and get vaccination slot near by your PIN location & get vaccinated.

#vaccination #vaccinated #vaccine #CovidVaccineIndia #COVIDVaccination #CovidVaccine #COVIDVaccines #indiavaccine #india #COVID19 #Covid #Corona #coronavirus",,,
TF Venom-001,@001_venom,2021-05-13T20:26:31.000Z,#COVIDー19 #COVID19 #vaccine #VaccinePassports #vaccination #Sheeple #Covid_19 #JUSTSAYNO #vaccines #NWO #COVID #CovidVaccine  #COVIDVaccination #COVID1984 #Biden #Biden4Prison #BidensAmerica #NotMyPresident #BidenRegime,,1,
TF Venom-001,@001_venom,2021-05-11T11:08:23.000Z,#COVIDー19 #COVID19 #vaccine #VaccinePassports #vaccination #Sheeple #Covid_19 #JUSTSAYNO #vaccines #NWO #COVID #CovidVaccine  #COVIDVaccination,,,
Niel Deepnarain,@nieldeepnarain,2021-05-10T19:09:58.000Z,"This 

This pandemic pantomime needs to end now, the lies, the controlling, the fear, the forcing is ruining lives and it's time this show shuts its curtains and never opens again.

#covid #covid19 #vaccine #masks #covidvaccine #mask #lockdown #covidvaccination #wakeup",,1,1
BU Clinical and Translational Science Institute,@BU_CTSI,2021-05-08T16:00:00.000Z,"#NEWS | Researchers are now analyzing how people with primary #immunodeficiencies or dysregulations respond to #COVID and #COVIDVaccination.

https://nih.gov/news-events/news-releases/covid-19-vaccine-responses-be-studied-people-immune-deficits… #COVID19Updates #SARSCoV2 #COVID19News #COVIDVaccine #VaccineCOVID-19 vaccine responses to be studied in people with immune
Enrollment begins at NIH Clinical Center.
nih.gov",,1,
OneO'ClockDrop,@OCDAugmented,2021-05-07T17:40:58.000Z,"This is why there’s “hesitance”
#vaccinated #vaccination #COVID19 #CovidVaccine #Covid #COVIDVaccination #vaccine #VaccineDiscrimination #VaccinePassportsQuote Tweet
Dustin PREM-SINGH-Penner
@Dustinpenner25
 · May 7
Totally normal
Show this thread",,1,1
Fulfilling Lives Islington & Camden (FLIC),@_FLIC_,2021-05-07T13:00:06.000Z,"Do you support people with severe mental illness? 
@PHE_uk
 have created a short #COVID vaccination film offering a guide to GPs and support services.

Find it here 
https://youtube.com/watch?v=OusrDVmUDZg&list=PLLDAq3SAWJh1iss0AOvvfGqJFNgY63sYq&index=1…

#COVID19 #COVIDvaccination #COVIDvaccine #vaccineCOVID-19 vaccination: A guide for GPs and teams to support people...
Dr. Emma Tiffin is a GP working for NHS England and NHS Improvement. She has a special interest in mental health and has worked in clinical leadership roles ...
youtube.com",,,
Kalakkal Cinema,@kalakkalcinema,2021-05-05T15:12:13.000Z,"Lock Down தேவையா? புதிய அரசுக்கு மக்கள் சொல்வது என்ன??

https://youtu.be/dfCv4lLWpzw

#lockdown #lockdown2021 #corana #COVIDSecondWave #COVIDEmergencyIndia #Covid19IndiaHelp #COVID19 #Tamilnadu #Chennai 
@SevenSri
 #lockdownInindia #vaccine #CovidVaccine #COVIDVaccination #CovidLock Down தேவையா? புதிய அரசுக்கு மக்கள் சொல்வது என்ன?? | COVID 19 |...
Lock Down தேவையா? புதிய அரசுக்கு மக்கள் சொல்வது என்ன??STYLE N RIDEAll Bike Spare Parts In One PlaceShop Contact Details :Style & Ride69, Harris Road, Near Sa...
youtube.com",,,2
Reform Hosting,@ReformHosting,2021-05-04T11:35:58.000Z,"Get Email Alerts When COVID-19 Vaccines Become Available Near You!!

Visit - http://bit.ly/getvaccinatedindia…

#covid #covid19 #pandemic #covidvaccine #vaccine #covidvaccineupdate #vaccination #covidvaccination #covidindia #vaccinationindia",,,
Roopkatha Gupta,@roopkathaaa,2021-05-03T08:01:21.000Z,"ANYONE WILLING TO GET COVID VACCINATION DONE (18+ & 45+) CAN CONTACT ME AND IT’L BE DONE UNDER MY NAME 
Location: Delhi/NCR 
#covid #CovidVaccine #COVIDVaccination #coviddelhi #VaccineRegistration #VaccineForAll #vaccine #VaccineFor18Plus",1,,2
Matthew J. Smith,@Mattysmith86,2021-04-28T19:24:12.000Z,Vaccine #2 done! So begins the 2 week countdown to full immunity! #vaccinated #GetVaccinated #CovidVaccine #vaccine #COVIDVaccination #COVID19Vaccination #Covid,,,1
Automovill,@automovillindia,2021-04-28T04:30:00.000Z,"Don't hesitate- Get vaccinated. Join the Vaccination Drive . Registration starts today. Get registered through the CoWIN platform or Aarogya Setu app.
#vaccinationdrive #May1st #vaccine #covidvacccine #COVIDvaccine #covid #covidvaccination #vaccinecovid19 #COVID19 #Automovill",,1,2
K.D.Services,@K_D_Services,2021-04-28T02:30:11.000Z,"Get yourself vaccinated for COVID-19.
#COVIDVaccination

#fightforcovid #stayhomestaysafe #vaccinecures #covidvaccine #covidvaccineupdates #thecovidvaccine #covid #covidindia #vaccine #vaccinesafety #kdservices #socialmediamarketing #gandhinagar #ahmedabad #deesa #palanpur",,1,
World News Live Alerts,@WorldNewsLive_,2021-04-26T21:59:05.000Z,"NEW: 3% of the world's population is fully vaccinated against COVID-19

#CovidVaccine #COVID19 #Covid_19 #CoronavirusVaccine #COVIDVaccination #COVID19Vaccine #COVID #COVID19 #COVID19Vaccination #coronavirus #vaccinated #vaccines #VaccinesWork #vaccine #BREAKING #NewsAlert #news",,1,1
John Scott Lewinski,@johnlewinski,2021-04-26T13:49:00.000Z,"For 
@barronsonline
 @inspiredbypenta
 Travel’s Next Conundrum: The Vaccine Passport https://barrons.com/articles/cobra-kai-home-of-daniel-larusso-hits-the-market-for-2-65-million-01619015683… #travel #covid #COVID19 #coronavirus #vaccine #vaccination #CovidVaccine #COVIDVaccines #COVIDVaccination #covidpassport #covidpassports‘Cobra Kai’ Home of ‘Daniel LaRusso’ Hits the Market for $2.65 Million
Makers of the Netflix hit set the series at the Atlanta-area, Tuscan-inspired mansion
barrons.com",,,
E.H. Hau #Resist #Persist,@ActionTime,2021-04-26T02:11:11.000Z,"#CovidEmergency2021: Drop-in #COVID-19 #Vaccine clinic in #Langley draws Long Lines #CovidCrisis #COVIDVaccination #COVIDEmergency #Covid19BC #COVID19Ontario #Covid19AB #Covid19Canada #Retweet #COVID19 #IARTG #coronavirus #Corona #CovidVAccine #FBR #demsDrop-in COVID-19 vaccine clinic in Langley draws long lines
Fraser Health held a drop-in COVID-19 vaccine clinic for residents of the southern part of Langley Township on Sunday, prompting long lineups and causing confusion for some eager residents.
bc.ctvnews.ca",,5,2
Bhaskar Live,@bhaskarlivein,2021-04-22T10:56:11.000Z,"Actor 
@SonuSood
 feels the #Covid preventive #vaccine should be available to the needy for free, and there should be a cap on pricing.
#SonuSood #COVID19India #COVIDVaccination #CovidVaccine #FreeCovidVaccineSonu Sood: Every needy should get Covid vaccine for free - Bhaskar Live English News
Mumbai, April 21 | Actor Sonu Sood feels the Covid preventive vaccine should be available to the needy for free, and there should be a cap on pricing. “Every needy should get vaccine for free. Very...
bhaskarlive.in",,,4
Amanda Catherine,@AmandeeTweets,2021-04-22T01:35:00.000Z,This girl is fully vaccinated  #COVIDVaccination #vaccinated #vaccine #Covid #COVID19 #PfizerVaccine #PfizerGang #CovidVaccine #thankyouscience,,1,1
Nikhil Gangavane,@thefinalmiracle,2021-04-20T14:08:04.000Z,"People interested in #vaccination details of any country do check this vaccination tracker... very useful!

https://nytimes.com/interactive/2021/world/covid-vaccinations-tracker.html…

#CovidVaccine #COVIDVaccinationUG #CovidVaccination #vaccines #vaccine #coronavirusvaccine #CoronaVaccine  #covidTracking Coronavirus Vaccinations Around the World
More than 1.34 billion vaccine doses have been administered worldwide, equal to 17 doses for every 100 people.
nytimes.com",,,
FullMoonShining,@stockrocker3,2021-04-13T14:48:25.000Z,"What the co that lied about baby powder and opioids , put out a bad vaccine? Impossible  https://cbc.ca/amp/1.5985110 #covid #coronavirus #COVID19 #vaccine #JohnsonandJohnson  #vaccines #CovidVaccine #COVIDVaccination #bucillamine #ohshit",,1,
"Dorothy Hensey, CS",@AngelHeartJoy,2021-04-13T03:46:31.000Z,"Finding Your Immunity from Disease https://youtu.be/ft3xjj4w1bI via 
@YouTube
 #Christian #Healing #Prayer #Jesus #Immunity #vaccine #vaccinationCovid #VaccinationDrive #COVID19 #COVIDVaccination #CovidVaccine #COVID #Corona #coronavirus #Bible #lockdown2021 #lockdown #WritingCommunityFinding Your Immunity from Disease
The prayer that reduces fear and brings out one's natural immunity to disease and heals symptoms of disease.First Church of Christ, Scientist, Port Townsend,...
youtube.com",,,
JJ The Expat,@JJ_The_Expat,2021-04-09T17:23:08.000Z,"There's a Hurdle to Jump Through If You're a Foreigner Registering for the Vaccine in Argentina
https://gayamericaninargentina.blogspot.com/2021/04/theres-hurdle-to-jump-through-if-youre.html…
#COVIDー19 #COVIDSecondWave #COVID #cordoba #argentina #Expats #livingabroad #expatblog #foreigners #vaccine #CovidVaccine #COVIDVaccination",,,
No Vaccine Man,@NoVaccineMan1,2021-03-26T00:58:44.000Z,"Anybody else out there know people who are eligible for the vaccine, but cannot get an appointment despite massive efforts? #COVID19 #COVIDVaccination #Covid #vaccine #appointments #AstraZeneca #CovidVaccine #Covid #CovidVaccineScam",2,1,2
Raj Meister,@RajMeister,2021-03-25T08:19:03.000Z,"Replying to 
@GMB
 and 
@graciemaybeIf you want to force #COVIDVaccination you need to offer all #CovidVaccine available across the board, including #SputnikV #CovidPassports will ONLY work if all #Vaccines are available for us TO CHOOSE from!

#AI #COVID #VaccinePassports #vaccine #AMC #my600lblife #MentalHealth",1,,1
Raj Meister,@RajMeister,2021-03-25T07:25:41.000Z,"If you want to force #COVIDVaccination you need to offer all #CovidVaccine available across the board, including #SputnikV #CovidPassports will ONLY work if all #Vaccines are available for us TO CHOOSE from!

#AI #COVID #VaccinePassports #vaccine #AMC #my600lblife #MentalHealth",,,2
TalkingRealKnowledge,@TalkinKnowledge,2021-03-23T10:24:12.000Z,".
@ChrisStigall
.
@ChrisChristie
 Is an embarrassment! Offering 
@krispykreme
 for #Vaccine shots! I’m just waiting for all the DISCRIMINATION LAWSUITS behind a #COVIDVaccine card that goes against #HIPPA protections!

#COVID #COVID19 #Vaccinated #VaccinePassports #COVIDVaccinationQuote Tweet
TalkingRealKnowledge
@TalkinKnowledge
 · Feb 24
.@ChrisStigall .@EddieCaiazzo

THERE IS NO (LAW) MANDATING ANYONE GETS A #COVIDVaccine SHOT in America! WHAT HAPPEN TO #HIPPA LAWS THAT ARE SUPPOSED TO PROTECT OUR HEALTH INFORMATION????

#COVID19 #COVID #Vaccine #Vaccinated #VaccinePassports #Covid19VaccinationCard",,,
J. Andrew Smith,@JJasmith4,2021-03-21T17:09:46.000Z,"Replying to 
@NJCitizenActionFor COVID-vaccine information and appointments try http://vaccinespotter.org - it's nationwide, so please share all across America!

#vaccine #covid #COVID19 #CovidVaccine #COVID19Vaccine #COVID19Vaccination #COVIDVaccination #CoVidVaccineSaveLives #covidvaccinearrives",,3,1
Scott,@Flanican,2021-03-20T13:29:45.000Z,"I've been jabbed 

#Covid #Covid19 #CovidVaccine #CovidVaccination #Vaccine",,,
Helen Ries (she/her),@helenries,2021-03-16T01:56:50.000Z,"The City of #Ottawa is holding a #COVID-19 #Vaccination Forum for People with #Disabilities. 

Date: Tuesday, March 23, 2021
Time: 10:30 am - Noon

Registration in advance is required.
https://s-ca.chkmkt.com/?e=224533&d=e&h=331CA606A984B96&l=en…

#COVID19 #vaccine #CovidVaccine #COVIDVaccination #OttCity",,1,2
Darryl Howery,@dghowery,2021-03-15T11:07:33.000Z,"New data suggests mRNA COVID-19 vaccines prevent infection https://newatlas.com/health-wellbeing/mrna-coronavirus-vaccine-prevent-infection-transmission/… #COVID19 #Covid_19 #covid #coronavirus #CoronaVirusUpdates #corona #CovidVaccine #COVIDVaccination #vaccinated #vaccine #pandemicNew data suggests mRNA COVID-19 vaccines prevent infection
In a stunning demonstration of human endeavor, less than one year after a new virus swept across the world triggering a pandemic, we developed several effective vaccines that protect those inoculated...
newatlas.com",,,
"Yan Leyfman, MD",@YLeyfman,2021-03-14T19:15:00.000Z,#Corona #Pandemie #pandemicanniversary #pandemic #pandemiclife #Covid_19 #COVID #pandemic #sars_cov_2 #COVID #covid19research #coronarvirus #SARSCoV2virus #coronatherapy #coronaupdates #pandemic2020 #SARSCoV2 #CoronaVirusUpdates #vaccine #CovidVaccine #COVIDVaccination,,,
Scot Tanner Buchholz,@BScotTanner,2021-03-14T14:59:45.000Z,"#BREAKING #AstraZeneca #vaccinations #suspended today in #Ireland : More #EU nations are halting the #vaccine https://irishexaminer.com/news/arid-40243931.html?type=amp… #CovidVaccine #COVID19ireland  #COVIDVaccination #VaccinesWork #vaccines #Medical #health #Covid #Covid_19 #COVID19 #pandemic #coronavirusAstraZeneca vaccinations suspended in Ireland from this morning
Chair of NIAC, Professor Karina Butler said hopefully next week she would be in a position to inform people that the AstraZeneca vaccine is safe to ...
irishexaminer.com",,1,
Muhammad Zubair,@QuaidianZubair,2021-03-14T12:30:47.000Z,"Sharing my personal experience after taking 1st dose of COVID-19 Vaccine. Must watch

https://youtu.be/GYOiGkMPxWw
#Covid_19
#CoronaVaccine #vaccine  #COVID #COVIDVaccination #sinopharm #coronavirus #COVID19 #CovidVaccineCorona Vaccine
Sharing my personal experience about COVID-19 Vaccine.
youtube.com",,,1
Ronald,@RonaldTooTall,2021-03-12T01:18:59.000Z,"#Biden sets May 1 target for all adults to be #vaccine-eligible

#Pandemic #Covid #CovidVaccine #CovidVaccinationBiden sets May 1 target for all adults to be vaccine-eligible
WASHINGTON (AP) — One year after the nation was brought to a near-standstill by the coronavirus, President Joe Biden used his first prime-time address Thursday night to announce his plan to make all …
flip.it",,1,2
"Yan Leyfman, MD",@YLeyfman,2021-03-11T23:45:21.000Z,#Covid_19 #COVID #pandemic #sars_cov_2 #COVID #covid19research #coronarvirus #SARSCoV2virus #coronatherapy #coronaupdates #pandemic2020 #SARSCoV2 #CoronaVirusUpdates #vaccine #CovidVaccine #COVIDVaccination #COVID19Vaccine #vaccinated,,1,
"Yan Leyfman, MD",@YLeyfman,2021-03-11T23:41:22.000Z,#Covid_19 #COVID #pandemic #sars_cov_2 #COVID #covid19research #coronarvirus #SARSCoV2virus #coronatherapy #coronaupdates #pandemic2020 #SARSCoV2 #CoronaVirusUpdates #vaccine #CovidVaccine #COVIDVaccination #COVID19Vaccine #vaccinated #CovidRelief #vaccine,,,
"Yan Leyfman, MD",@YLeyfman,2021-03-11T23:20:02.000Z,#Covid_19 #COVID #pandemic #sars_cov_2 #COVID #covid19research #coronarvirus #SARSCoV2virus #coronatherapy #coronaupdates #pandemic2020 #SARSCoV2 #CoronaVirusUpdates #vaccine #CovidVaccine #COVIDVaccination #COVID19Vaccine #vaccinated,,,
Andhi Toofan,@andhi_toofan,2021-03-09T05:38:10.000Z,"New study warns Pfizer and Moderna COVID-19 vaccines could be far LESS  effective against South Africa variant | TheHill!!!!
#COVID19 #CovidVaccine #vaccine #coronavirus #COVID #COVIDIOT #COVID19Vaccine #COVIDVaccination
https://thehill.com/changing-america/well-being/prevention-cures/542182-new-study-warns-pfizer-and-moderna-covid-19…

via 
@GoogleNewsNew study warns Pfizer and Moderna COVID-19 vaccines could be far
Researchers found a decline in neutralizing activity against B.1.351.
thehill.com",,,
UCR Science News,@UCR_ScienceNews,2021-03-08T18:34:23.000Z,"How to sign up for a #COVID19 #vaccine in #LosAngeles County https://latimes.com/california/story/2021-03-03/how-to-sign-up-to-get-your-covid-19-vaccine-appointment-in-los-angeles… #CovidVaccine #CovidVaccines #COVIDVaccination #covidHow to sign up for a COVID-19 vaccine in Los Angeles County
Vaccine eligibility in L.A. County has expanded again. Here's how to sign up for a COVID-19 vaccine appointment.
latimes.com",,,
Commander Vikram W Karve,@w_karve,2021-03-08T15:38:53.000Z,"#CovidVaccine #Pune
Seeing the huge response of #SeniorCitizens for #COVIDVaccination - it is evident that most people want the #Vaccine and there doesn't seem to be any #VaccineHesitancy

___________
#COVID #Vaccination #CoWIN #Covishield #Covaxin #India",2,3,9
Gisela Perez Mauri,@gperezmauri,2021-03-07T21:23:39.000Z,"Històries d'amor que rarament arriben als mitjans. No obstant això, n'hi ha i conèixer-les enforteix l'ànima 
#COVID #COVID19 #COVID2019 #coronavirus #CovidVaccine #vaccine #vaccination #COVIDVaccinationQuote Tweet
Auschwitz Memorial
@AuschwitzMuseum
 · Mar 7
A Holocaust survivor Francis Sacks received the COVID-19 vaccine from a very special doctor: her granddaughter.

“She gave my dad life and then he gave me life and now I’m helping her to survive. That’s not lost on me.”
https://thestar.com/life/together/people/2021/03/07/generations-of-love.html?utm_source=Twitter&utm_medium=SocialMedia&utm_campaign=Life&utm_content=star-together-generations-of-love&utm_source=twitter&source=torontostar&utm_medium=SocialMedia&utm_campaign=&utm_campaign_id=&utm_content=…",,,
Joshua William,@JoshWilliam93,2021-03-06T05:24:31.000Z,"http://VaccineLiberationArmy.com
#covidkeeper #COVID19 #CovidVaccine #COVID #Covid_19 #COVIDIOT #COVIDVaccination #COVID19Vaccine #COVIDVaccineArrives #COVIDIOTS #coronavirus #Corona #CoronaVaccine #CoronavirusVaccine #vaccine #vaccines #VaccineStrategy #CuomoKilledGrandma #antivax RT",1,,1
DBoop,@DBoop4,2021-03-05T23:26:02.000Z,"Swelling after #COVID-19 shots may cause #cancer #FalseAlarms
#COVIDVaccination #vaccine #News #Health #mammogram #CovidVaccineSwelling after COVID-19 shots may cause cancer false alarms
Getting a mammogram or other cancer check soon after a COVID-19 vaccination? Be sure to tell the doctor about the shot to avoid false alarm over a temporary side effect. That's the advice from cancer...
local21news.com",,,
Contemporary Judgments,@ContemporaryJud,2021-03-05T19:15:07.000Z,"Here's text of the House bill. Don't waste your time reading it, but also, enjoy.

#CovidReliefBill #COVID19 #CovidVaccine #COVID #COVIDVaccination #COVIDIOT #Politics #Bills #Text #Waste #MinimumWage #MinimumWageHike #vaccine #vaccination
https://assets.documentcloud.org/documents/20489001/house-democratic-covid-relief-bill.pdf…",,,
PU Pulse,@pu_pulse,2021-03-05T11:09:37.000Z,"#BREAKING

#Punjab CM Captain #AmarinderSingh on Friday took his first shot of #COVID19 #vaccine at the Civil Hospital in #Mohali. He urges all eligible to get vaccinated.

#COVIDVaccination #Covishield #Covid_19 #COVID #CovidVaccine #pupulse #AstraZeneca #COVIDVaccineArrives",,,
Albert DeAscentis,@AlbertDeAscenti,2021-03-03T14:42:17.000Z,"#Obamacare would get a big (and quiet) overhaul in the #COVID19 relief bill https://nbcnews.com/politics/congress/obamacare-would-get-big-quiet-overhaul-covid-relief-bill-n1259343… 
@TeamPelosi
 #thelincolnproject #COVID19 #VaccinationDrive #vaccines #COVIDVaccination #p2 #StrongerTogether #Fauci #SocialDistancing #vaccine #COVID #CovidVaccine #CovidReliefBillObamacare would get a big (and quiet) overhaul in the Covid relief bill
Democrats are proposing big changes to the Affordable Care Act. Here's why the debate is less fierce this time.
nbcnews.com",,1,
Parth Shokeen,@parthshokeen1,2021-03-03T06:15:21.000Z,"Why isn’t the COVID vaccine free even in the private hospitals? 
@drharshvardhan
 

#Covid_19 #COVID #COVID19 #vaccine #CovidVaccine #IndiaFightsCorona #coronavirus #CoronaVirusUpdates #Modi #COVID19India #modi_jawab_do #hospital #vaccinated #vaccination #COVIDVaccination",,3,3
Siddhartha Bose,@_SiddharthaBose,2021-03-02T18:49:18.000Z,Parents took first shot of #covid #vaccine. Had to wait close to 3 hours in absence of rush due to technical glitches in system. #AstraZeneca #COVIDVaccination #CovidVaccine #india #COVID19Vaccine,,,1
Smitty Werbenjägermeistermanjensen,@JagerMeisterrs,2021-03-02T06:39:37.000Z,If you refuse any vaccine and get the illness that vaccine would prevent a hospital and insurance providers should have the right to deny you coverage or healthcare. #Covid19VaccineReport #CovidVaccine #COVID #COVIDVaccination #AstraZeneca #vaccine,,,
Carol Hafner for Congress,@VoteHafner,2021-02-28T14:10:20.000Z,"#DrFauci #COVID19 #CovidReliefBill #COVID19Vaccine #COVID #COVIDVaccine #COVIDVaccination #vaccine #vaccines #WearAMask #CDC #FauciHero #CPAC #USA #CPAC2021 #Trump2024 #coronavirus #CoronaVirusUpdate #coronavirusuk

Dead people can’t applaud.Dead #Republican #voters  can’t stand:Quote Tweet
South Dakota Standard
@DakotaStandard
 · Feb 28
1,886 dead. 10% of population infected.
And Gov. Noem gets a standing ovation for a snide comment on Dr. Fauci. Had enough?
https://cnn.com/videos/politics/2021/02/27/kristi-noem-cpac-fauci-coronavirus-reiner-nr-sot-vpx.cnn/video/playlists/this-week-in-politics/…",,,
"Yan Leyfman, MD",@YLeyfman,2021-02-22T16:45:00.000Z,#coronarvirus #coronatherapy #coronaupdates #pandemic2020 #pandemicresponse #SARSCoV2 #corona #CoronaVirusUpdates #covidvaccines #covidvaccinations #medicine #covid19 #vaccine #vaccination #vaccinations #COVID19 #covid #COVIDVaccination #SARSCoV2virus  #COVIDVaccine #COVID,,,1
Frankie,@XEyezWideOpenX,2021-02-22T08:52:40.000Z,"#Doctors warn that #COVIDー19 #vaccine #sideeffect could confuse #mammogram results 

#COVID19 #covid #coronavirus #COVIDVaccine #COVIDVaccination #CovidVaccinesideeffects #CovidVaccinations #COVID19Vaccine #COVID19vaccines #COVID19VaccinationDoctors warn that COVID-19 vaccine side effect could confuse mammogram results
Over the past few weeks, radiologists at UPMC realized that several dozen patients flagged for abnormal mammograms because of swollen underarm lymph nodes...
post-gazette.com",,,1
"Yan Leyfman, MD",@YLeyfman,2021-02-22T00:06:32.000Z,#coronarvirus #coronatherapy #coronaupdates #pandemic2020 #pandemicresponse #SARSCoV2 #corona #CoronaVirusUpdates #covidvaccines #covidvaccinations #medicine #covid19 #vaccine #vaccination #vaccinations #covid #COVIDVaccination #Covid_19 #COVIDVaccine #COVIDー19 #SARSCoV2virus,,,
"Yan Leyfman, MD",@YLeyfman,2021-02-20T21:10:52.000Z,#sars2 #sars_cov_2 #COVID #covid19research #coronarvirus #coronatherapy #coronaupdates #pandemic2020 #pandemicresponse #SARSCoV2 #corona #CoronaVirusUpdates #covidvaccines #covidvaccinations #medicine #vaccine #vaccination #vaccinations #covid #COVIDVaccination  #COVIDVaccine,,,
MEM FERDA,@memferda1,2021-02-20T12:39:25.000Z,A quick JAB - All Done - 12 Weeks for Next One! #vaccine #Pfizer #COVID #COVIDVaccine #COVIDVaccination #Covid19UK,2,4,11
"Yan Leyfman, MD",@YLeyfman,2021-02-19T17:09:25.000Z,#coronaupdates #pandemic2020 #pandemicresponse #SARSCoV2 #corona #CoronaVirusUpdates #covidvaccines #covidvaccinations #medicine #covid19 #vaccine #vaccination #vaccinations #COVID19 #covid #COVIDVaccination #Covid_19 #COVIDVaccine,,,
Darryl Howery,@dghowery,2021-02-19T14:13:06.000Z,"Experts Answer the Biggest COVID Vaccine Questions https://scientificamerican.com/article/experts-answer-the-biggest-covid-vaccine-questions/… via 
@sciam
 #COVID19 #covid #COVID19AB #COVIDisAirborne #COVIDVaccination #COVIDVaccine #coronavirus #CoronavirusVaccine #CoronaVirusUpdates #pandemic #vaccine #vaccinated #virus #yeg #yyc #yyz #yvr #yulWhich COVID Vaccine Is ‘Best’? Why Do Some People Have Side Effects? Experts Answer These Questions...
Scientific American talked to scientists about everything from what efficacy means to protection against the new coronavirus variants
scientificamerican.com",,1,
"Yan Leyfman, MD",@YLeyfman,2021-02-18T01:02:25.000Z,#SARSCoV2 #corona #CoronaVirusUpdates #covidvaccines #covidvaccinations #medicine #vaccine #vaccination #vaccinations #COVID19 #covid #COVIDVaccination #Covid_19 #COVIDVaccine #SARS_CoV_2 #pandemia,,,1
"Yan Leyfman, MD",@YLeyfman,2021-02-17T22:27:01.000Z,#COVID #covid19research #coronarvirus #coronatherapy #coronaupdates #pandemic2020 #pandemicresponse #SARSCoV2 #corona #CoronaVirusUpdates #covidvaccines #covidvaccinations #medicine #vaccine #vaccination #vaccinations #COVID19 #covid #COVIDVaccination #Covid_19 #COVIDVaccine,1,1,1
"Yan Leyfman, MD",@YLeyfman,2021-02-17T06:47:45.000Z,#corona #CoronaVirusUpdates #covidvaccines #covidvaccinations #medicine #covid19 #vaccine #vaccination #vaccinations #COVID19 #covid #COVIDVaccination #Covid_19 #COVIDVaccine,,,
"Yan Leyfman, MD",@YLeyfman,2021-02-16T21:07:28.000Z,#pandemic2020 #pandemicresponse #SARSCoV2 #corona #CoronaVirusUpdates #covidvaccines #covidvaccinations #medicine #covid19 #vaccine #vaccination #vaccinations #COVID19 #covid #COVIDVaccination #Covid_19 #COVIDVaccine #variants #Covid,,,
"Yan Leyfman, MD",@YLeyfman,2021-02-16T17:30:23.000Z,#medicine #covid19 #vaccine #vaccination #vaccinations #COVID19 #covid #COVIDVaccination #Covid_19 #COVIDVaccine,,,
Sovereign & Free Jeanine Susan Deal,@JeanineDeal,2021-02-13T16:39:18.000Z,"Molecular Genetics Expert Explains Messenger RNA and RNA Vaccines by Dr. Louise Lagendijk, MD, PhD

https://bit.ly/3qk6tH9

#COVID #vaccinations #COVIDVaccine #COVIDVaccination #coronavirus #CoronaVaccine #vaccineMolecular Genetics Expert Explains Messenger RNA and RNA Vaccines :...
DR. LOUISE LAGENDIJK, MD, PhD:A Harvard-educated doctor with an extensive background in molecular genetics explains messenger RNA and potential autoimmune...
archive.org",,1,
TalkingRealKnowledge,@TalkinKnowledge,2021-02-11T22:02:41.000Z,"This senile MoMo was LIVE on TV addressing the nation w/ a damn mask on (THAT HE KEPT TOUCHING), w/ NO ONE within 10ft let alone 6ft I bet!

This is the PRESIDENT OF THE UNITED STATES my fellow Americans!

#COVID #COVID19 #WearAMask #Vaccine #COVIDVaccine #COVIDVaccination",,,
Victorian Dad,@VictorianDad,2021-02-11T19:11:30.000Z,"Has everyone seen this video of Elton John promoting the #COVID19 #vaccine?

His willingness to appear in a slightly mocking way is to his credit.

#c4news 

#COVIDVaccine

#Covid

#COVIDVaccinationFrom 
Matt Chorley",,,1
Samuel Carvalho,@SamCarvalho,2021-02-08T16:17:25.000Z,"As of today, 12.2 million of us in the UK have had our 1st Coronavirus (COVID19) vaccination!

I’m glad to be part of this figure!

#COVIDー19 #COVID #Coronavirus #Vaccine #COVIDVaccination #Vaccination #COVIDVaccine",,,1
TMcK,@McKelvieTracy,2021-02-06T16:46:41.000Z,"Felt rather emotional myself this morning, after a year spent living in fear of #covid it felt like a first step towards hope & hopefully the chance to hug family & friends again soon 

#vaccine #CovidUK #CovidVaccine #COVIDVaccination #scotlandQuote Tweet
Hannah Wise
@hwise29
 · Feb 6
This week I was vaccinated and I cried. 

As an immunosuppressed person, every step outside my apartment has felt like a risk. I didn’t expect to get the call, or to drive 90 minutes to the clinic, but it happened.

Could this be what hope feels like?
https://nytimes.com/2021/02/06/world/vaccine-first-person.html…
Show this thread",,,2
sydredhead,@sydredhead,2021-02-05T21:01:50.000Z,Another teacher has been vaccinated  #covid #COVID19 #Covid_19 #vaccine #CovidVaccine #COVIDVaccination #teacher,,,2
Mohammad Ameer Hamza,@mameerhamza_,2021-02-05T15:21:47.000Z," 
#coronavirus #vaccine #COVID19 #COVIDVaccination #CovidVaccine #COVID",,,1
Dave Cross,@_Dave_Cross_,2021-02-05T13:08:12.000Z,Science > woo #COVID #COVID19 #vaccine #vaccination #CovidVaccine #COVIDVaccination,,,
Highfiver2021,@Highfiver2021,2021-02-05T08:09:59.000Z,"Choose one of the five charities
#COVIDVaccination  #vaccine #COVID #CovidVaccine #ScienceTwitter",,,
AnneXiety,@houseofxiety,2021-02-04T20:50:32.000Z,#proudlyvaccinated #CovidVaccine #COVIDVaccination #vaccination #vaccine #vaccinate #covid #covid19 #SmallBusiness #shopsmall,,,
AnneXiety,@houseofxiety,2021-02-04T20:44:35.000Z,#vaccinated #vaccine #vaccination #covid #covid19 #CovidVaccine #COVIDVaccination #coronavirus #pandemic #nurse #smallbusiness #shopsmall,,,1
Wayne Lopes,@waynenicholas84,2021-02-04T20:43:05.000Z,Yesterday I attended a funeral for someone who passed of Covid complications. Today I recieved my first Covid vaccine shot. This serves as a reminder to be thankful for our blessings. #COVID #vaccine #COVIDVaccination #CovidVaccine #VaccinesWork,,,2
AnneXiety,@houseofxiety,2021-02-04T20:39:53.000Z,#vaccination #vaccine #CovidVaccine #COVIDVaccination #CovidVaccinesideeffects #proudlyvaccinated #covid19 #covid #corona #etsy #etsyshop #smallbusiness #shoplocal #shopsmall #cute #kawaii #fox #procreateart,,,
AnneXiety,@houseofxiety,2021-02-04T20:34:07.000Z,#vaccination #vaccine #proudlyvaccinated #covid_19 #covid #COVIDVaccination #covidvaccine #etsy #etsyshop #smallbusiness #shoplocal #shopsmall #cute #kawaii #fox #procreateart #procreatedrawing #procreateillustration,,,
Blair D NYC,@blairdayton22,2021-02-03T21:41:03.000Z,"Ok, so, as I've been saying... maybe it's time to vaccinate based on age groups as opposed to people's jobs (esp when millions are outta work). 
#COVID19 #coronavirus #CovidVaccine #COVIDVaccination #covid #vaccine #vaccination #usa #Fauci #BidenAdministration 
@POTUS
 @NYGovCuomo",,,
Tiger Trav (C),@travmctravis,2021-02-03T18:45:47.000Z,The weird things you can find on the beach! #COVID19 #COVID #COVIDIOTS #coronavirusuk #MaskUp #Corona #idiots #vaccine #CovidVic #COVIDVaccination #CovidVaccine #fakenews #beach #sea #sand #outandabout #weird #odd #walk #exercise #peoplearefuckingstrange #god #religion #getthejab,,,
Tiger Trav (C),@travmctravis,2021-02-03T18:45:09.000Z,The weird things you can find on the beach! #COVID19 #COVID #COVIDIOTS #coronavirusuk #MaskUp #Corona #idiots #vaccine #CovidVic #COVIDVaccination #CovidVaccine #fakenews #beach #sea #sand #outandabout #weird #odd #walk #exercise #peoplearefuckingstrange #god #religion #getthejab,,,
Kingstowne Striders,@KTownStriders,2021-02-01T02:57:44.000Z,"How would you grade the Vaccine Rollout?

#COVID #COVID19 #coronavirus #vaccine #CovidVaccine #COVIDVaccination #coviddeathtoll #FauciOuchie #VaccineStrategyB
22.2%
C
22.2%
D
33.3%
F
22.2%
9 votes
·
Final results",,1,
Kingstowne Striders,@KTownStriders,2021-02-01T02:56:38.000Z,"How many people do you know personally, who have died from COVID?

#COVID #COVID19 #coronavirus #vaccine #CovidVaccine #COVIDVaccination #coviddeathtollMore than 5
0%
1-4 people
37.5%
None
62.5%
8 votes
·
Final results",,1,
Dana A,@AveryAbrams,2021-01-31T10:14:06.000Z,"#COVID19 
#Military 
#CovidVaccine #HoustonWeHaveAProblem 
 #vaccine 
@DonaldJTrumpJr
 #modernavaccine 
@NavyMedicine
 @JackPosobiec
 
#Heart problems!#COVID #MedTwitter #vaccinated
#CovidVaccinesideeffects #COVIDVaccination 
 SonverysickThe Evil That Men Do · Iron Maiden (Official Music Video)
The Evil That Men Do · By Iron Maiden (Official Music Video) Released Apr 28, 2008
facebook.com",,,
S h a y n e,@angieshayne,2021-01-31T02:14:55.000Z,Dad got his first COVID vaccine shot yesterday and I’m so thankful! Grandma is on the schedule for this weekend too! Once mom gets hers (no idea when) all close-contact family 65+ will be vaccinated!  #COVIDVaccination #COVID19Vaccine #vaccine #CovidVaccine #COVID,1,,1
Kay,@Kaysmit74997700,2021-01-29T17:59:10.000Z,"No wonder people are so confused with #COVID19 and #vaccine ... 
@BBCNews
 & 
@SkyNews
   #coronavirus #COVID #COVID19 #vaccine #vaccination #johnsonandjohnson #CovidVaccine #COVIDVaccination",,,
Frankie,@XEyezWideOpenX,2021-01-29T09:33:40.000Z,"57% of #Michigan nursing home staff, #residents decline #COVID19 #vaccine

#covid #coronavirus #CoronaVac #CoronavirusVaccine #CovidVaccinations #CovidVaccines #COVIDVaccination #CovidVaccine #JustSayNo #nursinghomes #NursingHome #NursingHomeDeaths57% of Michigan nursing home staff, residents decline COVID-19 vaccine so far
The first round of the program vaccinated about 38,500 of 90,000 people who were eligible.
mlive.com",,,
Albert DeAscentis,@AlbertDeAscenti,2021-01-28T13:51:26.000Z,"@TeamPelosi
 #UniteBlue #StimulusPackage  #StrongerTogether #thelincolnproject  #P2 #tcot #StrongerTogether2021 #vaccinations #vaccine #CovidVaccine #COVID #COVIDVaccination #ChinaVirusQuote Tweet
Melody Gutierrez
@MelodyGutierrez
 · Jan 28
BREAKING: Following shaky rollout, California strikes a far-reaching deal with Blue Shield for the health insurance company to oversee the distribution of COVID-19 vaccine doses to counties, pharmacies and private healthcare providers.https://latimes.com/california/story/2021-01-27/california-blue-shield-to-oversee-covid-19-vaccination-effort…",1,1,
Mumbai Tez News,@mumbaitez,2021-01-28T05:16:22.000Z,"#Delhi Doctor takes #COVID #vaccine shot, angry wife says ‘Why couldn’t you take me along’

#CoronaVaccine
#CoronavirusVaccine #CovidVaccine #COVID19 #COVIDVaccination
#healthcare0:56
368 views",1,3,4
"Dorothy Hensey, CS",@AngelHeartJoy,2021-01-27T06:15:58.000Z,"Finding Your Immunity from Disease https://youtu.be/ft3xjj4w1bI via 
@YouTube
 #Christianity  #Healing #Prayer #JesusChrist #Immunity #vaccine #vaccination #COVID19 #CovidVaccine #Covid_19 #COVID #COVIDVaccination #Covid19UK  #CHURCHISESSENTIAL #coronavirus #EndSARS #YouTube #YouTubersFinding Your Immunity from Disease
The prayer that reduces fear and brings out one's natural immunity to disease and heals symptoms of disease.First Church of Christ, Scientist, Port Townsend,...
youtube.com",,3,1
Peter,@petersafwat317,2021-01-26T07:48:41.000Z,"Tell everyone you are COVID FREE https://redbubble.com/i/mask/Hug-Me-I-m-Vaccinated-by-PeterSS/66728664.9G0D8?asc=u… #findyourthing #redbubble  #free #vaccine #vaccinate #Vaccinations #vaccinated #GetVaccinated #gettheshot #Covid_19 #COVID19 #COVIDVaccination #CovidVaccine #COVID #COVIDIOTSHug Me I'm Vaccinated Mask by PeterSS
Perfect clothing gift for a friend or family member birthday, anniversary, graduation, Christmas or any other gift giving occasion. • Millions of unique designs by independent artists. Find your...
redbubble.com",,,
Hannah Babiak - Photographer and Travel Blogger,@hlbphotography,2021-01-26T00:44:22.000Z,"Collection of Vaccine  Photos https://dreamstime.com/vaccine-colldet35339/#res8448184… #vaccine #VaccineStrategy #Covid_19 #COVID19 #COVID #CovidVaccine #COVIDVaccination #CovidVaccinesideeffectsCollection of Vaccine Photos
Collection of Vaccine Photos by Dreamstime. View and download our Vaccine Photos here.
dreamstime.com",,,2
PANIKED,@PANIKED856,2021-01-23T22:26:17.000Z,"THANK YOU PHILLY FIGHTING COVID!
Just got my first dose of Pfizer vaccine! I've had my lungs collapse 7 times b4 so it was important for me to get ASAP!
#Covid_19 #COVID19 #COVID #COVIDVaccination #CovidVaccine #coronavirus #vaccination #vaccine #vaccinated #Pfizer #COVIDIOT",,,
Joel Brill,@JoelBrill,2021-01-22T18:26:37.000Z,"#Headline News: While getting his #Covid 
#vaccine Arnold Schwarzenegger #tweeted, “Come with me if you want to live.” After scheduling his follow up booster shot, he said, “I’ll be Bach.”
#arnoldschwarzenegger #Arnold #CovidVaccine #COVIDVaccination",,,
ANI Multimedia,@ANI_multimedia,2021-01-15T16:00:00.000Z,Nagpur set for world's biggest COVID vaccination drive https://youtu.be/i_1a959g8Is #covid #vaccine #CovidVaccine #COVIDVaccination,,,
Carol Hafner for Congress,@VoteHafner,2021-01-14T13:37:43.000Z,"#COVID19 #CovidVaccine #COVIDVaccination #vaccine #coronavirus #CoronavirusStrain #CoronaVaccine #prison #Medicare4All #medicare #MedicareForAllNow #healthy #healthcare #GOPComplicitTraitors #Biden 

No Way Out: #COVID-19 behind bars in Texas https://youtu.be/QsE1A6C3Lhs via 
@YouTubeNo Way Out: COVID-19 behind bars in Texas
Prisons are prime incubators for disease, as social distancing and basic contagion protections are largely impossible behind bars. An investigation by WFAA a...
youtube.com",,,1
youtrader420,@youtrader,2021-01-13T17:01:44.000Z,"Hands up who thinks #BorisJohnson will make a complete cockup of the #vaccine roll out? 

#COVIDVaccination #COVID #CovidVaccine #Covid19",,,2
VUBBLE,@vubblePOP,2021-01-13T13:56:00.000Z,"Which Covid vaccine is better? https://tinyurl.com/y64b9r47 via 
@BBCNews
 ht 
@letstalkscience
 



#vaccine #vaccinations #COVID #COVIDVaccination #CovidVaccine #pandemic #medicine #pharmacology #medtech #explainer #Science #STEM #STEMed #SmartNews #SmartVideo #onlinelearning",,,
Sandra Crenshaw,@crenshaw_sandra,2021-01-13T03:36:52.000Z,"Healthcare worker Getting the COVID-19 VACCINE| Prevention of COVID| Mod... https://youtu.be/Bz7_hEv8MUc via 
@YouTube
#COVID #COVID-19 #CoronavirusVaccine #vaccine #COVIDVaccination #moderna #modernavaccine #Covid19UK #Covid_19 #COVID19Aus #CovidVaccineHealthcare worker Getting the COVID-19 VACCINE| Prevention of COVID|...
I have decided to show you the video of me getting the COVID 19 VACCINE. I have several reasons why I chose to get the vaccine. I will be uploading videos...
youtube.com",,,
PVHS Current Events Club,@currentevents13,2021-01-13T01:53:05.000Z,"hoping to speed up the U.S. vaccination campaign, vaccines are now available for people over 65 #vaccine #CovidVaccine #COVID #COVIDVaccination",,,3
Dr Jeffrey Lehrman,@DrLehrman,2021-01-12T18:48:10.000Z,"For those administering #COVID19 vaccine, a great tool from 
@AmerMedicalAssn
 here to find the correct CPT code:

https://ama-assn.org/find-covid-19-vaccine-codes?utm_source=Selligent&utm_medium=email&utm_term=%25m%25d%25y&utm_content=HS_CM_BreakingNew_COVID_Vaccine_Calculators_011221&utm_campaign=HS_CM_BreakingNew_COVID_Vaccine_Calculators_011221&utm_uid=12567066&utm_effort=&utm_h=…

#COVIDVaccination #CovidVaccine #COVID #vaccine #coding #medicine #doctor #doctors #hospitalFind your COVID-19 Vaccine CPT® Codes
ama-assn.org",,,
VUBBLE,@vubblePOP,2021-01-12T15:56:25.000Z,"Which Covid vaccine is better? https://tinyurl.com/y64b9r47 via 
@BBCNews
 ht 
@letstalkscience
 



#vaccine #vaccinations #COVID #COVIDVaccination #CovidVaccine #pandemic #medicine #pharmacology #medtech #explainer #Science #STEM #STEMed #SmartNews #SmartVideo #onlinelearning",,,
Naresh Tikait,@naresh_tikait_,2021-01-12T15:36:34.000Z,"Great #Breaking #News
#Indian Govt has started #Corona #Vaccine distribution of #Covaxin By #Bharat #Biotech for Corona Virus.

#BreakingNews #coronavirus #CoronaVaccine #Corona #COVID19 #COVIDVaccination #CovidVaccine #COVID #BharatBiotech #CoVaccine",1,3,4
Kanoon Sangrah,@KanoonSangrah,2021-01-12T14:59:52.000Z,"Bharat Biotech To Provide Centre With 16.5 Lakh Covid-19 Vaccines Free Of Cost: Officials

#vaccine #COVID19 #CovidVaccine #COVIDVaccination #COVID #CoronavirusStrain #BharatBiotech",,,2
Ronald,@RonaldTooTall,2021-01-12T14:58:31.000Z,"""When and how you’ll be notified about your place in the #vaccine line—and how proactive you’ll have to be in finding the information—will depend heavily on the state and city you live in."" 

#US #COVIDVaccination #COVIDVaccine #COVID #Coronavirus #HealthHow will you actually know when it’s your turn to get the COVID-19 vaccine?
When and how you’ll be notified about your place in the vaccine line—and how proactive you’ll have to be in finding the information—will depend heavily on the state and city you live in.
fastcompany.com",,,
Carl Natural 20 Shirts,@natural20shirts,2021-01-12T00:43:16.000Z,"Did you get your Covid Vaccine? Let everyone know!
https://teepublic.com/user/carlhuber/albums/68826-coronavirus-vaccine…
Facemasks available, too!

#vaccine #VaccinesWork #VaccineStrategy #vaccines #covid #COVID19 #COVIDVaccination #CovidVaccine #covidiot #Covid_19 #CoronavirusVaccine",,1,
Carol Hafner for Congress,@VoteHafner,2021-01-11T13:28:55.000Z,"#COVID19 #CovidVaccine #COVID #COVIDVaccination #Health #healthcare #Fauci #CDC #pandemic #nurses #Nurse

If #Military can be deployed outside #USA no reason #coronavirus #vaccines can’t be done:
#vaccine rollout confirms #PublicHealth officials’ warnings:Vaccine rollout confirms public health officials’ warnings
Public health officials sounded the alarm for months, complaining that they did not have enough support or money to get COVID-19 vaccines quickly into arms. Now the slower-than-expected start to th…
kron4.com",,,
Mary Keith,@seeafillem6277,2021-01-11T04:34:24.000Z,"This is what we need, not more lockdowns or vaccines. #vaccine #vaccinesafety #COVIDVaccination #COVID #CovidVaccineQuote Tweet
The Washington Post
@washingtonpost
 · Jan 11
More virus-zapping robots are coming, and they’re here to stay https://wapo.st/38vW0ll",,,
Kristen Wells,@DrKristenWells,2021-01-08T23:39:20.000Z,"Please RT: 

Attention San Diego health care workers! The #COVID19 vaccine is available to you next Monday at Petco Park! This includes our community health workers! Come out and protect yourself against #COVID!

#vaccine #COVIDVaccination #CovidVaccine #SanDiego #chw #healthcareQuote Tweet
Christopher A. Longhurst
@calonghurst
 · Jan 9
Very excited that @UCSDHealth is supporting the opening of the first @SanDiegoCounty ""vaccination super station"" on Monday @PetcoPark with support from @Padres @nathanfletcher @pattymaysent and many other leaders. Healthcare workers can sign up now!

https://countynewscenter.com/county-of-san-diego-to-open-first-vaccination-super-station-in-partnership-with-uc-san-diego-health-padres-and-city-of-san-diego/…",,4,7
AMI-audio,@AMIaudio,2021-01-08T14:02:43.000Z,"DAILY POLL: Are you concerned that politicians are bungling the vaccination effort?

#NOWDB #DailyPoll #TwitterPoll #COVID19 #COVID #Pandemic #Vaccine #COVIDVaccination #COVIDVaccineYes
72.7%
No
27.3%
22 votes
·
Final results",,1,1
Sol Luckman,@CrowRising,2021-01-01T16:16:55.000Z,"#MikeAdams Situation Update, Jan 1st - #Trump vs. the #globalist #genocide machine https://brighteon.com/946ac8f4-6497-4075-8230-db56ab9987a0… #vaccine #CDC #vaccinescam #vaccineindustry #COVIDvaccination #COVID #COVID19 #COVIDvaccine #masks #socialdistancing #scamdemic #plandemic #VoteFraud #ElectionFraud #FascismSituation Update, Jan 1st - Trump vs. the globalist genocide machine
For more updates, visit: http://www.brighteon.com/channel/hrreport NaturalNews videos would not be possible without you, as always we remain passionately dedicated to our mission of educating people...
brighteon.com",,,
graham.mann@h2obuildingservices.co.uk,graham.mann@h2obuildingservices.co.uk,2021-01-01T15:44:33.000Z,"Should we be concerned?
#COVID19 #COVIDIOTS #Covid #CovidVaccine #COVIDVaccination #coronavirus #coronavirusuk #HappyNewYear2021 #vaccination #vaccine #BreakingNews #BREAKINGQuote Tweet
Doctors’ Association UK
@TheDA_UK
 · Dec 31, 2020
We have real and grave concerns about these sudden changes to the Pfizer vaccine regime

It undermines the consent process, as well as completely failing to follow the science.

Here is our letter to @MattHancock and JCVI today

#covidvaccine",,1,2
YouKnowTheDox,@YouKnowTheDox,2020-12-16T17:05:20.000Z,#Covid #Covid19 #Corona #Coronavirus #SARSCoV2 #SARS_CoV_2 #Vaccine #Vaccination #CovidVaccine #CovidVaccination #Covid19Vaccine #Covid19Vaccination #CoronaVaccine #CoronaVaccination #CoronavirusVaccine #CoronavirusVaccination,,,
